variable,delta_mae
PIB_per_capita,1.9456875801086397
Tasa_Empleo_Femenino,0.0012586749828784605
Acceso_Salud,-0.11395433306147673
Urbanizacion,-0.1745554924011241
Edad_Maternidad,-0.3738019943237312
Nivel_Educativo,-0.6913125281118333
